first_name,last_name,date_of_birth,gender,phone,email,address,city,state,zip_code,blood_type,allergies
Oliver,Kelly,2010-04-12,Male,555-9001,oliver.parent@email.com,171 Pediatric Way,Atlanta,GA,30301,O+,None
Sophia,Sanders,2012-07-25,Female,555-9002,sophia.parent@email.com,282 Children Drive,Augusta,GA,30901,A+,Latex
Elijah,Price,2008-10-30,Male,555-9003,elijah.parent@email.com,393 Surgery Street,Columbus,GA,31901,B-,None
Mia,Bennett,2015-01-14,Female,555-9004,mia.parent@email.com,404 Operating Avenue,Savannah,GA,31401,AB+,Adhesive
Logan,Wood,2011-05-22,Male,555-9005,logan.parent@email.com,515 Anesthesia Road,Athens,GA,30601,O-,None
Charlotte,Barnes,2013-08-18,Female,555-9006,charlotte.parent@email.com,626 Recovery Court,Sandy Springs,GA,30328,A-,Penicillin
Jackson,Ross,2009-11-05,Male,555-9007,jackson.parent@email.com,737 Post-op Blvd,Roswell,GA,30075,B+,None
Amelia,Henderson,2016-02-28,Female,555-9008,amelia.parent@email.com,848 Pediatric Street,Macon,GA,31201,AB-,Iodine
Aiden,Coleman,2014-06-16,Male,555-9009,aiden.parent@email.com,959 Surgical Ave,Johns Creek,GA,30097,O+,None
Harper,Jenkins,2017-09-09,Female,555-9010,harper.parent@email.com,1016 OR Lane,Albany,GA,31701,A+,Eggs
